{"__type__":"cc.AnimationClip","_name":"playerNode","_duration":0.8333333333333334,"wrapMode":2,"curveData":{"props":{"scale":[{"frame":0,"value":{"__type__":"cc.Vec2","x":1,"y":1},"curve":[0.4464902506963788,-0.0018662952646240072,0.58,1]},{"frame":0.43333333333333335,"value":{"__type__":"cc.Vec2","x":1.1,"y":0.895},"curve":[0.5300557103064067,0.005097493036211653,0.58,1]},{"frame":0.8333333333333334,"value":{"__type__":"cc.Vec2","x":1,"y":1}}]}}}